Barcode~Ingredient~Energy
3263852200869~Pate de cacao, sucre, beurre de cacao, émulsifiant : lécithines, aréme vanille, cacao, fruits à coques, gluten, lait.~521 kcal per 2 carrés
3263852200869~Pate de cacao, sucre, beurre de cacao, émulsifiant (lécithines), arôme vanille~521 kcal
3263852200869~Pate de cacao, sucre, beurre de cacao, émulsifiant : lécithines, arôme vanille~The energy value of the dark chocolate provided is 2173 kj (kilojoules) or 521 kcal (kilocalories) per 100g.
3263852200869~Pate de cacao, sucre, beurre de cacao, émulsifiant : lécithines, arôme vanille, cacao. ~521 kcal
No barcode detected~Yellow “Datterini” tomatoes, extra virgin olive oil, onion, basil~Calories: 50
